,location,total_deaths,total_tests,aged_70_older
1449,Austria,677,527670.0,13.748
4133,Kanada,8146,2152700.0,10.797
4591,Chile,3323,858958.0,6.938
10141,Indie,9520,5774133.0,3.4139999999999997
16157,Nigeria,420,94323.0,1.4469999999999998
16727,Pakistan,2729,897650.0,2.78
18171,Rosja,6948,15161152.0,9.392999999999999
